gameID,gameName
1431230,Gods of Sand
513560,Hunger Dungeon
1066130,Truck Life
343730,Irrational Exuberance: Prologue
747340,Unforgiving - A Northern Hymn
1352330,Zoo 2: Animal Park
449730,Ahnayro: The Dream World
390100,9Dragons
1685750,Capcom Fighting Collection
354140,Five Nights at Freddy's 3
454650,DRAGON BALL XENOVERSE 2
844930,Fox Hime Zero
893020,Slave's Sword 2
1056490,The World is Your Weapon
284870,9 Clues: The Secret of Serpent Creek
332790,Darkness Assault
868270,The Cycle: Frontier
22230,Rock of Ages
973580,Sniper Ghost Warrior Contracts
1337100,Warhammer Age of Sigmar: Tempestfall
1494950,Space Cats Tactics: Prologue
2151290,Football Coach: College Dynasty
591680,Taphouse VR
1186260,Bondage Girl
91600,Sanctum
585080,Hunting Simulator
1943710,Meth Master
1150090,Learning Factory
